{"mean": [64.5059091248298, 52.9562048628083, 430.7077422846765, 92.37991363509597, 0.3966646813579512], "scale": [49.347177145978, 15.681898145766095, 272.71209970210134, 83.86700466945595, 0.4892052860723701]}