{"mean": [64.900457318116, 52.5554747653331, 425.6221939247098, 92.90548528076565, 0.6033353186420488], "scale": [49.710347473000475, 15.828152218044682, 271.8186561646269, 84.50510204114954, 0.4892052860723701]}